u_id	document_id	person_id	speaker_note_id
i-NkRums6b1CHQZGRCi5YnEj	0	Q53707	i-Bkg44LZGSspFsRj2JPUygm
i-RXyW8mqZVGcikAkr3Fnb52	0	Q53707	i-Bkg44LZGSspFsRj2JPUygm
i-JHKkUD1nELCw6BVMbDAssa	0	Q53707	i-Bkg44LZGSspFsRj2JPUygm
i-B5TJjh7TjVSBNDHUmFRY2U	0	Q53707	i-Bkg44LZGSspFsRj2JPUygm
i-5hhud1CnkP9ydHTCnWKXhC	0	Q53707	i-Bkg44LZGSspFsRj2JPUygm
i-47MANvBmCPRWKAm4wauoj2	0	Q53707	i-Bkg44LZGSspFsRj2JPUygm
i-2nf6rzHToqD7iTEYeeeyuG	0	Q53707	i-Bkg44LZGSspFsRj2JPUygm
i-9zbViTvLk9hB7Zuwmuoxj3	0	Q53707	i-Bkg44LZGSspFsRj2JPUygm
i-VuUcHbhtdJ7TagTVus7HrZ	0	Q53707	i-Bkg44LZGSspFsRj2JPUygm
i-WRXPoCpzcxMpipF46Ypb1G	0	Q53707	i-Bkg44LZGSspFsRj2JPUygm
i-4piX32wJu1EzoSZMa94wKG	0	Q53707	i-Bkg44LZGSspFsRj2JPUygm
i-VyFCJamRQJcGKKPtXdHZ4Q	0	Q53707	i-Bkg44LZGSspFsRj2JPUygm
i-BKMejuMsgocA33uL4TVeTo	0	Q53707	i-Bkg44LZGSspFsRj2JPUygm
i-6fAbP4iJaiCQAtts7reL1v	0	Q53707	i-Bkg44LZGSspFsRj2JPUygm
i-PSaLxkiDMMu9nREkUjr2Sb	0	Q5887636	i-HdLbiXshQR8TDDP4VMJnnQ
i-Fbwyx8rE59zkNRGbtb5ssr	0	Q5887636	i-HdLbiXshQR8TDDP4VMJnnQ
i-HDWUcfNFyaj7g9HS2MLMPH	0	unknown	i-CKMmaHhBXUs3osofsGmp3i
i-6yjMcH63pBFcVcpEjNwdPf	0	Q1606431	i-UkQxch5pf9NNYtCNdkpfot
i-PjEVqAAVxp3aJ7eGZS42UC	0	Q1606431	i-UkQxch5pf9NNYtCNdkpfot
i-WENY46LuAstmZMDQEMd56Q	0	unknown	i-Suz7d5bLSBxBVgiFKy5CFr
i-3UVgmZFHWxUSggRrJmhjGz	0	unknown	i-KxrsXzKNt2UGTZKrwMr7Cj
i-J15iVsvza53Nvu3MgnZPj	0	Q1606431	i-8LTrg4tWJK2URB3MxgDM2a
i-RA6h3yZzfd1aDtsbngM7VB	0	unknown	i-99VbHXArrQRwfF8rdNJxCZ
i-XLer2db5288gsgfWtpBFjC	0	unknown	i-99VbHXArrQRwfF8rdNJxCZ
i-93a68b64a21edd1d-1	0	unknown	missing
i-CrLyo6WntTQnoKVoaG1i9L	0	unknown	missing
i-WQdLbMLDQisPVMTkGRwSoJ	1	unknown	missing
i-FQhBDbWZEe6axdTGfpVKRX	1	unknown	missing
i-Nybx6AZfsYtQBMtbf7dhJr	1	unknown	missing
i-JwRwZdR3KgY8jW68bCDACH	1	unknown	missing
i-SvgRqjJahHao1ACtQ845qm	1	unknown	missing
i-E3MN4JpDhoaXeQS7rAdVn1	1	unknown	missing
i-Qx9atcAoFD94ZkEor8eLf3	1	unknown	missing
i-4nVVadb8PywrNy6FtA8iYc	1	unknown	missing
i-PUu3Z5soBfDVo1mNimoJYW	1	unknown	missing
i-HqfvmmQesJKYpRahcNnU5n	1	unknown	missing
i-TtBNbN3UUVRKuJXA8WSVTB	1	unknown	missing
i-9xqNTnDtDNLK2kaqt1njBd	1	unknown	missing
i-Vkah3mjawTZ5zeZvXfD5sc	1	unknown	missing
i-BZ4YFUEb6gkrzZvwwHbeXq	1	unknown	missing
i-NLkPFjaog2fuH6Gi5vKgM9	1	unknown	missing
i-5T59gjkk833Hjm5aWh2c4T	1	unknown	missing
i-Hv2LVdxq5hm1MEhS6xuCP1	1	unknown	missing
i-T9mxYFgKHLKwPxMcdNohP4	1	unknown	missing
i-LgS6MGtoojgUegBEkffMJ2	1	unknown	missing
i-3x2JmxRHWpNLD1zqo2Qpbs	1	unknown	missing
i-W94Ucmqda9EJH2dnBFR7RQ	1	unknown	missing
i-ABFTGvM4TnaS39n6WaMQSZ	1	unknown	missing
i-LsvkUG8rsvyWrAfsj8CBfG	1	unknown	missing
i-P6NYGVJRBcq3HkN5dkN5sh	1	Q1606431	i-3gGhneRp5MKBWsTy4CHUVE
i-KjdwdTnhWTb7HHt2TBjyEG	1	Q1606431	i-3gGhneRp5MKBWsTy4CHUVE
i-L1PYygFAB6b2E9YnRbz5ML	1	Q1606431	i-3gGhneRp5MKBWsTy4CHUVE
i-5jvio8oUHWtvBeDPyR7cbY	1	Q1606431	i-3gGhneRp5MKBWsTy4CHUVE
i-2WoehnwP8cLzubj63A6gzr	1	Q1606431	i-3gGhneRp5MKBWsTy4CHUVE
i-3J3PvVHYi1FfzRVykxJPNN	1	Q1606431	i-3gGhneRp5MKBWsTy4CHUVE
i-RXd2Q9Z3gBPNiGMAuymY5r	1	Q1606431	i-3gGhneRp5MKBWsTy4CHUVE
i-6YcUvBG8PMq4LBUqe3UeVg	1	Q1606431	i-3gGhneRp5MKBWsTy4CHUVE
i-Q4j7CR25rJCofpwfe59SSY	1	Q1606431	i-3gGhneRp5MKBWsTy4CHUVE
i-HEBeePUujf7feUwsdizvM7	1	Q1606431	i-3gGhneRp5MKBWsTy4CHUVE
i-YQgKbSMpxzuSBz3CjtQNtA	1	Q1606431	i-3gGhneRp5MKBWsTy4CHUVE
i-6YiaKTAmdbNoFjY1quFto7	1	Q1606431	i-3gGhneRp5MKBWsTy4CHUVE
i-d677f22b18382dff-0	2	Q707581	i-XN9xPnavSm16xxVkAi9Bov
i-6KzWTytL3jMWrytbCKq5sA	2	Q707581	i-XN9xPnavSm16xxVkAi9Bov
i-Dm8zdEaQ3gHj5KucntGwtM	2	Q707581	i-XN9xPnavSm16xxVkAi9Bov
i-WAP24sYHaTkrJXUL1w632Y	2	Q707581	i-XN9xPnavSm16xxVkAi9Bov
i-947QH5NrVvCHZjmptXf7Mh	2	Q707581	i-XN9xPnavSm16xxVkAi9Bov
i-FW5AakCGFcRbAMSyxHmSUW	2	Q707581	i-XN9xPnavSm16xxVkAi9Bov
i-2ZW2k2jnuufgTSoBWAk2Hr	2	Q707581	i-XN9xPnavSm16xxVkAi9Bov
i-KxgH251ZJUPia3K3twipY	2	Q707581	i-XN9xPnavSm16xxVkAi9Bov
i-RuBxgNphkAXnU5wsdBzNvT	2	unknown	i-FLAKbERfSWgAbLUCwKHSoz
i-XvXJAh7SRmUzGcLMXhs9Qq	2	unknown	i-FLAKbERfSWgAbLUCwKHSoz
i-HhYGpERpFvZRySSExdzbCu	2	unknown	missing
i-MAyRLwiveKqnEZ5t8BBor	3	Q707581	i-Aq16PqA3hUXkNv4ybgNgpY
i-UjQKh9k2Lz68JzxQUpS17z	3	unknown	i-2wbZFwBnB361VPCTSESs8x
i-3bjmCP5S18F6yXVmKwvYJb	3	unknown	i-2wbZFwBnB361VPCTSESs8x
i-XS1M2cj42vzmtLS83jsSGZ	3	unknown	missing
i-LpRV1VaoM6YHcFGJZUAecn	3	unknown	missing
i-8m5mV6M5v93MXTfcG8PHvu	3	unknown	missing
i-9UsJ5zTg1YejzMnMDVu8vh	3	unknown	missing
i-UNxzsSoSmuoiWsuTgC2ewC	3	unknown	missing
i-AR8xAwoBvas4vRxJHL9y8V	3	unknown	missing
i-3JFFuKcceQHCVkeJwLSj13	3	unknown	missing
i-AzDihxjgTRcuUrMKJiFUuc	3	unknown	missing
i-QnUYSfuJTtwVxF5Sd72ZoR	3	unknown	missing
i-6Lt38q3cY3fz8Sg2VBehez	3	unknown	missing
i-WcgqCFuVy52aiaXGjMv3q3	3	unknown	missing
i-2CMSX8BYvBNWcQ8YBXwatg	3	unknown	missing
i-EitB3WTCfxjWcR4gC7cR1m	3	unknown	missing
i-B1GxrgRPh3KL6BoUauXjZ2	3	unknown	missing
i-6axLj9JAyksdLizBeSaTRx	3	unknown	missing
i-NxZ9iPGyx4yS6fXFiSYWJ4	3	unknown	missing
i-QgnBzw48UYrG6JFYS2MCWd	3	unknown	missing
i-MBfTuZuevhv86YXHLVWLuC	3	unknown	missing
i-5YNQxUfp1fCmCLqsC8wH5M	3	unknown	missing
i-MsTE2uVbXst7MmHyF63oU6	3	unknown	missing
i-Ur91Wm3RHCmsbaMtJf5dEJ	3	unknown	missing
i-2BzHjNN741qa6abbvSCdh9	3	unknown	missing
i-UYo38Y1jYPDPcgaiTQpWKq	3	unknown	missing
i-TPZNXbyXyocRgBqXKFb1tJ	3	unknown	missing
i-FQzr7ywFbhtb6EZSuC6usP	3	unknown	missing
i-3hymV1izUxWDys64tgdqno	3	unknown	missing
i-XKHVygSMupJzzynhY2iac3	3	unknown	missing
i-BJMEGwxAW1DuVGTMcs9FSZ	3	unknown	missing
i-BHUvBdbk1Tsd846jRxN3z5	3	unknown	missing
i-BVDd5uFVtQAyZNLHXsqK9a	3	unknown	missing
i-Jk6HvXMqeRj8JHS6y12GM3	3	unknown	missing
i-DU2H16eSWf9mV5DEZzefMm	3	unknown	missing
i-5FMrUCBuS6rxZ4qqCiwL9V	3	unknown	missing
i-HxRXMbYkdoF382JpyJro6K	3	unknown	missing
i-HPqvYqWDggMXRvjEm19gV4	3	unknown	missing
i-TPsbM5r7FUxgKAB9ge2tu9	3	unknown	missing
i-JD9yJqoJJiXqbNgw5MwWGb	3	unknown	missing
i-97UuBLc2yy2Rkc2qanMsBY	3	unknown	missing
i-FfjLkhDmP6UQ9YprKXev9G	3	unknown	missing
i-4ZYYWJ4WQTc2UCc5Mg53ia	3	unknown	missing
i-XZgGoMXmMrHUuWqCzA1aQ1	3	unknown	missing
i-TUJibiUBdVSjc9AMrtQbdG	3	unknown	missing
i-DYGE8gMeMsgg8WXEKiXyKV	3	unknown	missing
i-cceb7ba30ab71cb6-0	4	Q6027171	i-9528X3MbkqWP24DpbEJU38
i-cceb7ba30ab71cb6-1	4	Q6027171	i-9528X3MbkqWP24DpbEJU38
i-7k5bXHGTLuxszQvHa8sq9j	4	Q6027171	i-9528X3MbkqWP24DpbEJU38
i-cceb7ba30ab71cb6-5	4	Q6027171	i-9528X3MbkqWP24DpbEJU38
i-8c2730028de580bb-0	4	Q6031148	i-WkB7UsXDTLXfkX2ahdiAmY
i-3Q3aPA6e6v41gBmebPLZR6	4	Q6031148	i-WkB7UsXDTLXfkX2ahdiAmY
i-8c2730028de580bb-1	4	Q6031148	i-WkB7UsXDTLXfkX2ahdiAmY
i-8c2730028de580bb-2	4	Q6031148	i-WkB7UsXDTLXfkX2ahdiAmY
i-8c2730028de580bb-3	4	Q6031148	i-WkB7UsXDTLXfkX2ahdiAmY
i-8c2730028de580bb-4	4	Q6031148	i-WkB7UsXDTLXfkX2ahdiAmY
i-8c2730028de580bb-5	4	Q6031148	i-WkB7UsXDTLXfkX2ahdiAmY
i-c7a477f884b65e13-0	4	Q6020187	i-DNPkJePrCJ7PJJrKe54nu3
i-c7a477f884b65e13-1	4	Q6020187	i-DNPkJePrCJ7PJJrKe54nu3
i-c7a477f884b65e13-2	4	Q6020187	i-DNPkJePrCJ7PJJrKe54nu3
i-c7a477f884b65e13-3	4	Q6020187	i-DNPkJePrCJ7PJJrKe54nu3
i-c7a477f884b65e13-4	4	Q6020187	i-DNPkJePrCJ7PJJrKe54nu3
i-c7a477f884b65e13-5	4	Q6020187	i-DNPkJePrCJ7PJJrKe54nu3
i-cceb7ba30ab71cb6-6	4	Q6027171	i-AseGFNkMUQWadAzJ5f6FwN
i-cceb7ba30ab71cb6-7	4	Q6027171	i-AseGFNkMUQWadAzJ5f6FwN
i-cceb7ba30ab71cb6-8	4	Q6027171	i-AseGFNkMUQWadAzJ5f6FwN
i-cceb7ba30ab71cb6-9	4	Q6027171	i-AseGFNkMUQWadAzJ5f6FwN
i-cceb7ba30ab71cb6-10	4	Q6027171	i-AseGFNkMUQWadAzJ5f6FwN
i-cceb7ba30ab71cb6-11	4	Q6027171	i-AseGFNkMUQWadAzJ5f6FwN
i-cceb7ba30ab71cb6-12	4	Q6027171	i-AseGFNkMUQWadAzJ5f6FwN
i-cceb7ba30ab71cb6-13	4	Q6027171	i-AseGFNkMUQWadAzJ5f6FwN
i-cceb7ba30ab71cb6-14	4	unknown	i-TUh7MBdX9eKJYRRgvbwXuQ
i-cceb7ba30ab71cb6-15	4	unknown	i-TUh7MBdX9eKJYRRgvbwXuQ
i-cceb7ba30ab71cb6-16	4	unknown	missing
i-cceb7ba30ab71cb6-17	4	unknown	missing
i-cceb7ba30ab71cb6-18	4	unknown	missing
i-cceb7ba30ab71cb6-19	4	unknown	missing
i-cceb7ba30ab71cb6-20	4	unknown	missing
i-cceb7ba30ab71cb6-21	4	unknown	missing
i-8GknxPJJZbu61XHxJkbnL4	4	unknown	missing
i-cceb7ba30ab71cb6-22	4	unknown	missing
i-cceb7ba30ab71cb6-23	4	unknown	missing
i-cceb7ba30ab71cb6-24	4	unknown	missing
i-cceb7ba30ab71cb6-25	4	unknown	missing
i-cceb7ba30ab71cb6-26	4	unknown	missing
i-cceb7ba30ab71cb6-27	4	unknown	missing
i-cceb7ba30ab71cb6-28	4	unknown	missing
i-cceb7ba30ab71cb6-29	4	unknown	missing
i-cceb7ba30ab71cb6-30	4	unknown	missing
i-cceb7ba30ab71cb6-31	4	unknown	missing
i-cceb7ba30ab71cb6-32	4	unknown	missing
i-a0408781763da742-0	4	Q6047050	i-HvjKi4AA3dZHk294fpdmy1
i-a0408781763da742-1	4	Q6047050	i-HvjKi4AA3dZHk294fpdmy1
i-a0408781763da742-2	4	Q6047050	i-HvjKi4AA3dZHk294fpdmy1
i-8c2730028de580bb-6	4	Q6031148	i-SYGsxohjRtr9Eq3NDJYtp9
i-a0408781763da742-3	4	Q6031148	i-SYGsxohjRtr9Eq3NDJYtp9
i-c7a477f884b65e13-6	4	Q6020187	i-C8rdm3C2g1iJvCp1Aut7UJ
i-a0408781763da742-4	4	Q6020187	i-C8rdm3C2g1iJvCp1Aut7UJ
i-a0408781763da742-5	4	Q6020187	i-C8rdm3C2g1iJvCp1Aut7UJ
i-91699a7e2bcc5f9d-0	4	Q6027171	i-X494gcgMeMtAHfto8dGBC1
i-a0408781763da742-6	4	Q6027171	i-X494gcgMeMtAHfto8dGBC1
i-a0408781763da742-7	4	Q6027171	i-X494gcgMeMtAHfto8dGBC1
i-470ce18344cd68a1-0	4	Q3376192	i-DEDW5yrJaMmKLkS1hJiKhQ
i-470ce18344cd68a1-1	4	Q3376192	i-DEDW5yrJaMmKLkS1hJiKhQ
i-470ce18344cd68a1-2	4	Q3376192	i-DEDW5yrJaMmKLkS1hJiKhQ
i-470ce18344cd68a1-3	4	Q3376192	i-DEDW5yrJaMmKLkS1hJiKhQ
i-470ce18344cd68a1-4	4	Q3376192	i-DEDW5yrJaMmKLkS1hJiKhQ
i-0f1a6b4324ee224b-0	4	Q6047050	i-EHpW5DN4UCeiUFvZJ6nwFA
i-470ce18344cd68a1-5	4	Q6047050	i-EHpW5DN4UCeiUFvZJ6nwFA
i-62a52a1700ee5a29-0	4	Q6255268	i-xaqJ7YBcJQnx1VJTtond8
i-62a52a1700ee5a29-1	4	Q6255268	i-xaqJ7YBcJQnx1VJTtond8
i-62a52a1700ee5a29-2	4	Q6255268	i-xaqJ7YBcJQnx1VJTtond8
i-62a52a1700ee5a29-3	4	Q6255268	i-xaqJ7YBcJQnx1VJTtond8
i-62a52a1700ee5a29-4	4	Q6255268	i-xaqJ7YBcJQnx1VJTtond8
i-62a52a1700ee5a29-5	4	Q6255268	i-xaqJ7YBcJQnx1VJTtond8
i-62a52a1700ee5a29-6	4	Q6255268	i-xaqJ7YBcJQnx1VJTtond8
i-62a52a1700ee5a29-7	4	Q6255268	i-xaqJ7YBcJQnx1VJTtond8
i-W151R1XG31Vo5kYTWhEBc4	4	Q6255268	i-xaqJ7YBcJQnx1VJTtond8
i-62a52a1700ee5a29-8	4	Q6255268	i-xaqJ7YBcJQnx1VJTtond8
i-62a52a1700ee5a29-9	4	Q6255268	i-xaqJ7YBcJQnx1VJTtond8
i-62a52a1700ee5a29-10	4	Q6255268	i-xaqJ7YBcJQnx1VJTtond8
i-62a52a1700ee5a29-11	4	Q6255268	i-xaqJ7YBcJQnx1VJTtond8
i-62a52a1700ee5a29-12	4	Q6255268	i-xaqJ7YBcJQnx1VJTtond8
i-6d433c783ae7b80c-0	4	Q6146893	i-3Aww5ggzRFgeKp1oPeAhdV
i-6d433c783ae7b80c-1	4	Q6146893	i-3Aww5ggzRFgeKp1oPeAhdV
i-6d433c783ae7b80c-2	4	Q6146893	i-3Aww5ggzRFgeKp1oPeAhdV
i-6d433c783ae7b80c-3	4	Q6146893	i-3Aww5ggzRFgeKp1oPeAhdV
i-6d433c783ae7b80c-4	4	Q6146893	i-3Aww5ggzRFgeKp1oPeAhdV
i-6d433c783ae7b80c-5	4	Q6146893	i-3Aww5ggzRFgeKp1oPeAhdV
i-6d433c783ae7b80c-6	4	Q6146893	i-3Aww5ggzRFgeKp1oPeAhdV
i-6d433c783ae7b80c-7	4	Q6146893	i-3Aww5ggzRFgeKp1oPeAhdV
i-6d433c783ae7b80c-8	4	Q6146893	i-3Aww5ggzRFgeKp1oPeAhdV
i-6d433c783ae7b80c-9	4	Q6146893	i-3Aww5ggzRFgeKp1oPeAhdV
i-470ce18344cd68a1-6	4	Q3376192	i-Boh7rm6MmvUkcjZpGfBGZU
i-470ce18344cd68a1-7	4	Q3376192	i-Boh7rm6MmvUkcjZpGfBGZU
i-62a52a1700ee5a29-13	4	Q6255268	i-3dgxnXRqR6mzVwUX18r6nJ
i-470ce18344cd68a1-9	4	Q6255268	i-3dgxnXRqR6mzVwUX18r6nJ
i-470ce18344cd68a1-10	4	Q6255268	i-3dgxnXRqR6mzVwUX18r6nJ
i-N8aW9C61fZsbrJp8jFWpej	4	Q6146893	i-MQTm4ZdawCN9238gPtRyif
i-470ce18344cd68a1-11	4	Q6146893	i-MQTm4ZdawCN9238gPtRyif
i-7e2d7e0d2ca93416-0	4	Q5954195	i-R9u1t3N3hvfopUpUePSHuS
i-7e2d7e0d2ca93416-1	4	Q5954195	i-R9u1t3N3hvfopUpUePSHuS
i-7e2d7e0d2ca93416-2	4	Q5954195	i-R9u1t3N3hvfopUpUePSHuS
i-7e2d7e0d2ca93416-3	4	Q5954195	i-R9u1t3N3hvfopUpUePSHuS
i-7e2d7e0d2ca93416-4	4	Q5954195	i-R9u1t3N3hvfopUpUePSHuS
i-7e2d7e0d2ca93416-5	4	Q5954195	i-R9u1t3N3hvfopUpUePSHuS
i-7e2d7e0d2ca93416-6	4	Q5954195	i-R9u1t3N3hvfopUpUePSHuS
i-R9xm5LsYoZbythQvPkj7dg	4	Q5954195	i-R9u1t3N3hvfopUpUePSHuS
i-7e2d7e0d2ca93416-7	4	Q5954195	i-R9u1t3N3hvfopUpUePSHuS
i-7e2d7e0d2ca93416-8	4	Q5954195	i-R9u1t3N3hvfopUpUePSHuS
i-MjACQfGucMnLpUj9C7QV9H	4	Q5954195	i-R9u1t3N3hvfopUpUePSHuS
i-2107f0e03be66a4e-0	4	Q6044930	i-VZoCU5xQmWZJNCSDYRVDCm
i-2107f0e03be66a4e-1	4	Q6044930	i-VZoCU5xQmWZJNCSDYRVDCm
i-2107f0e03be66a4e-2	4	Q6044930	i-VZoCU5xQmWZJNCSDYRVDCm
i-7e2d7e0d2ca93416-9	4	Q5954195	i-UF3RG7ecE2ZMrt7WKz262Z
i-7e2d7e0d2ca93416-10	4	Q5954195	i-UF3RG7ecE2ZMrt7WKz262Z
i-WTkpdym2aBSKtFJtxcEDRG	4	Q5954195	i-UF3RG7ecE2ZMrt7WKz262Z
i-GGjvtRG4Nr7wZPpwdJjP1X	4	Q5954195	i-UF3RG7ecE2ZMrt7WKz262Z
i-7e2d7e0d2ca93416-14	4	Q5954195	i-UF3RG7ecE2ZMrt7WKz262Z
i-M9iZ48TQNLfbsxg6zRxx6f	4	Q5954195	i-UF3RG7ecE2ZMrt7WKz262Z
i-FGstz44XwadXeKdgaySeHu	4	Q5954195	i-UF3RG7ecE2ZMrt7WKz262Z
i-769040ebe1e21510-0	4	Q5938913	i-7JG6kURkURLMJuuSb6Q6iA
i-769040ebe1e21510-1	4	Q5938913	i-7JG6kURkURLMJuuSb6Q6iA
i-769040ebe1e21510-2	4	Q5938913	i-7JG6kURkURLMJuuSb6Q6iA
i-769040ebe1e21510-3	4	Q5938913	i-7JG6kURkURLMJuuSb6Q6iA
i-769040ebe1e21510-4	4	Q5938913	i-7JG6kURkURLMJuuSb6Q6iA
i-c1705b0edcc1e47c-0	4	Q6231399	i-VTzUi8N3frCCY1iTtvSHiu
i-c1705b0edcc1e47c-1	4	Q6231399	i-VTzUi8N3frCCY1iTtvSHiu
i-c1705b0edcc1e47c-2	4	Q6231399	i-VTzUi8N3frCCY1iTtvSHiu
i-c1705b0edcc1e47c-3	4	Q6231399	i-VTzUi8N3frCCY1iTtvSHiu
i-c1705b0edcc1e47c-4	4	Q6231399	i-VTzUi8N3frCCY1iTtvSHiu
i-c1705b0edcc1e47c-5	4	Q6231399	i-VTzUi8N3frCCY1iTtvSHiu
i-2b7135c6d719d4a7-0	4	Q5348198	i-Gxwo5FemGA8hPxwneKQB3a
i-2b7135c6d719d4a7-1	4	Q5348198	i-Gxwo5FemGA8hPxwneKQB3a
i-eb47a25fc4ff2e8d-0	4	Q6000480	i-3JtHXRtrDE18qPopb33W6x
i-eb47a25fc4ff2e8d-1	4	Q6000480	i-3JtHXRtrDE18qPopb33W6x
i-eb47a25fc4ff2e8d-2	4	Q6000480	i-3JtHXRtrDE18qPopb33W6x
i-QsfkqxddKahS7axaYqCDNt	4	Q6000480	i-3JtHXRtrDE18qPopb33W6x
i-eb47a25fc4ff2e8d-3	4	Q6000480	i-3JtHXRtrDE18qPopb33W6x
i-eb47a25fc4ff2e8d-4	4	Q6000480	i-3JtHXRtrDE18qPopb33W6x
i-eb47a25fc4ff2e8d-5	4	Q6000480	i-3JtHXRtrDE18qPopb33W6x
i-H1TkH9QGDjbmPdyMefpy3r	4	Q5937997	i-AwHcJS8JmgfXUMAwHJubiK
i-769040ebe1e21510-6	4	Q5937997	i-AwHcJS8JmgfXUMAwHJubiK
i-769040ebe1e21510-7	4	Q5937997	i-AwHcJS8JmgfXUMAwHJubiK
i-SJFBC2chNkALM5mACtH7ox	4	Q5937997	i-AwHcJS8JmgfXUMAwHJubiK
i-fb0f1752436fe20c-0	4	Q53740	i-33vb162B19UceNfKwiUfGr
i-fb0f1752436fe20c-1	4	Q53740	i-33vb162B19UceNfKwiUfGr
i-c1705b0edcc1e47c-6	4	Q6231399	i-DyVcu196yHdGcF5i4JStHQ
i-QRGEfBQg1prdm4CmzFosDz	4	Q6231399	i-DyVcu196yHdGcF5i4JStHQ
i-c1705b0edcc1e47c-7	4	Q6231399	i-DyVcu196yHdGcF5i4JStHQ
i-769040ebe1e21510-8	4	Q5938913	i-HNtsHEq1wVTNbxJxKK2ucw
i-fb0f1752436fe20c-2	4	Q53740	i-Mb93WugWtzFfwDhnH2iAuG
i-fb0f1752436fe20c-3	4	Q53740	i-Mb93WugWtzFfwDhnH2iAuG
i-c1705b0edcc1e47c-8	4	Q6231399	i-9zV6hxgJvHUpbnvkTqK44b
i-fb0f1752436fe20c-4	4	Q53740	i-CGQg91rpCbWAEGwempE4kR
i-fb0f1752436fe20c-5	4	Q53740	i-CGQg91rpCbWAEGwempE4kR
i-c1705b0edcc1e47c-9	4	Q6231399	i-HNgP65FSpM5AG9YYjLvfKV
i-fb0f1752436fe20c-6	4	Q53740	i-EGd5uwvWabMaaGFgM7ssK8
i-8wBEVbX8Z9YZ5HxpKk2g4V	4	Q53740	i-EGd5uwvWabMaaGFgM7ssK8
i-c1705b0edcc1e47c-10	4	Q6231399	i-G23oudZXJSqLaHUVQqcxSc
i-c1705b0edcc1e47c-11	4	Q6231399	i-G23oudZXJSqLaHUVQqcxSc
i-9r1T4hE9Qm55iK4nwZwKzn	4	Q6231399	i-G23oudZXJSqLaHUVQqcxSc
i-7EeYry6Q3Qk5HWg8YHJUnJ	4	Q6231399	i-G23oudZXJSqLaHUVQqcxSc
i-c1705b0edcc1e47c-13	4	Q6231399	i-G23oudZXJSqLaHUVQqcxSc
i-Eisihs5EjQLEDGEjqSXtVR	4	Q6231399	i-G23oudZXJSqLaHUVQqcxSc
i-c1705b0edcc1e47c-15	4	Q6231399	i-W3kwgRgLD5EK7zwhAeBDCE
i-769040ebe1e21510-9	4	Q5938913	i-H7DnvvPvhQAYjoM7mdT9Lh
i-eb47a25fc4ff2e8d-6	4	Q6000480	i-C176jHwMeanN5mu6g8JtsR
i-8da23e17b21218de-1	4	Q53740	i-S5wsG6GeEw4X2AEEFNpQDf
i-GedbVmW3HMKpKAMrU8mckP	4	Q53740	i-S5wsG6GeEw4X2AEEFNpQDf
i-7e2d7e0d2ca93416-15	4	unknown	i-33TtbGS6mYKjTvKAqTSCoS
i-7e2d7e0d2ca93416-16	4	unknown	i-33TtbGS6mYKjTvKAqTSCoS
i-7e2d7e0d2ca93416-17	4	unknown	missing
i-7e2d7e0d2ca93416-18	4	unknown	missing
i-fb0f1752436fe20c-7	4	Q53740	i-MwxHiNKwLyUcQ79PR2WMH3
i-fb0f1752436fe20c-8	4	Q53740	i-MwxHiNKwLyUcQ79PR2WMH3
i-7e2d7e0d2ca93416-19	4	unknown	i-2vsFZL6geVym7xG7SGCvcp
i-fb0f1752436fe20c-9	4	Q53740	i-FnpPvNVNqgmwk5XYwEy1MM
i-fb0f1752436fe20c-10	4	Q2345137	i-UfZnBnC72wY46QS8Ao1iK7
i-fb0f1752436fe20c-11	4	Q2345137	i-UfZnBnC72wY46QS8Ao1iK7
i-8e9d16354ec7e9ca-0	4	Q5897318	i-XhVS7GxHALQDVTQX77Pmz3
i-8e9d16354ec7e9ca-1	4	Q5897318	i-XhVS7GxHALQDVTQX77Pmz3
i-8e9d16354ec7e9ca-2	4	Q5897318	i-XhVS7GxHALQDVTQX77Pmz3
i-8e9d16354ec7e9ca-3	4	Q5897318	i-XhVS7GxHALQDVTQX77Pmz3
i-c155478886549b2e-0	4	Q2345137	i-9j58mPTnRv38thb64bUuEY
i-c155478886549b2e-1	4	Q2345137	i-9j58mPTnRv38thb64bUuEY
i-c155478886549b2e-2	4	Q2345137	i-9j58mPTnRv38thb64bUuEY
i-8e9d16354ec7e9ca-4	4	Q5897318	i-Wkmeki6AXpyra8by9oqAHu
i-8e9d16354ec7e9ca-6	4	unknown	i-KvDtng6dVu6kNThjpoR9fF
i-8e9d16354ec7e9ca-7	4	unknown	i-KvDtng6dVu6kNThjpoR9fF
i-cceb7ba30ab71cb6-33	4	Q6027171	i-WK5NoWTGrRRwhrtxuek6tg
i-cceb7ba30ab71cb6-34	4	Q6027171	i-WK5NoWTGrRRwhrtxuek6tg
i-cceb7ba30ab71cb6-35	4	Q6027171	i-WK5NoWTGrRRwhrtxuek6tg
i-c155478886549b2e-3	4	Q2345137	i-XadFh2LnvkoDSsi9SkFspi
i-c155478886549b2e-4	4	Q2345137	i-XadFh2LnvkoDSsi9SkFspi
i-cceb7ba30ab71cb6-36	4	Q6027171	i-QwmJJRVXxYqQJ8UgYzb6da
i-c155478886549b2e-5	4	Q2345137	i-EghHo4Qq1WK4MsrNZ5fq18
i-c155478886549b2e-6	4	Q2345137	i-EghHo4Qq1WK4MsrNZ5fq18
i-cceb7ba30ab71cb6-37	4	Q6027171	i-QGAy8zFyKQD543kD4r5E1n
i-cceb7ba30ab71cb6-38	4	Q6017016	i-P4djrUeg69SdeW12e5seVZ
i-QhgdXveQc2cNGcjPrcdcTC	4	Q6017016	i-P4djrUeg69SdeW12e5seVZ
i-TaLjj5NdgE5yHJxNj5LNPk	4	Q6017016	i-P4djrUeg69SdeW12e5seVZ
i-cceb7ba30ab71cb6-40	4	Q6017016	i-P4djrUeg69SdeW12e5seVZ
i-WoxCjf7a2wJi5hGjGvpKoe	4	Q6017016	i-P4djrUeg69SdeW12e5seVZ
i-cceb7ba30ab71cb6-41	4	Q6017016	i-P4djrUeg69SdeW12e5seVZ
i-e48d92ab00347fdb-0	4	Q5789726	i-RsiFiERj3GESokvkKMqMNm
i-e48d92ab00347fdb-1	4	Q5789726	i-RsiFiERj3GESokvkKMqMNm
i-D9k5h3w3fWBQUQGQ79jL3k	5	Q927466	i-BY5uxHY35n98Ga84wtwiBp
i-3RJHidrK971VSSwmXeE8HF	5	Q927466	i-BY5uxHY35n98Ga84wtwiBp
i-WaibrpRcPijY2XJ7oPYvim	5	Q927466	i-BY5uxHY35n98Ga84wtwiBp
i-77065fda0d2cea20-0	5	Q5557484	i-UCqgxACMYqXvGgLHKJL1A2
i-RVB7nFUJvG8whpzH7eLoUR	5	Q5557484	i-UCqgxACMYqXvGgLHKJL1A2
i-6be1e54be88a2004-0	5	Q927466	i-5P2JG1m934WcLKrQRri2n1
i-JwC6KBS9eSEHjcfYkjgku6	5	Q5561426	i-6vJwDsbcg2aggWkBZViTLp
i-6be1e54be88a2004-2	5	Q5561426	i-6vJwDsbcg2aggWkBZViTLp
i-6be1e54be88a2004-3	5	Q5561426	i-6vJwDsbcg2aggWkBZViTLp
i-3892ccf83f7f42e2-0	5	Q5577506	i-FtYo2hDBxZhhfQGJDNvcQ
i-3892ccf83f7f42e2-1	5	Q5969341	i-VkAYQyp3Z1mtkdZqj5sN87
i-3892ccf83f7f42e2-2	5	Q5969341	i-VkAYQyp3Z1mtkdZqj5sN87
i-6be1e54be88a2004-4	5	Q108219916	i-VKedsg154qer1eWL4xmdPw
i-6be1e54be88a2004-5	5	Q108219916	i-VKedsg154qer1eWL4xmdPw
i-BnWzkoLQVSTiVwmd9nuFaT	5	Q108219916	i-VKedsg154qer1eWL4xmdPw
i-6be1e54be88a2004-7	5	Q108219916	i-VKedsg154qer1eWL4xmdPw
i-6be1e54be88a2004-8	5	Q5969341	i-QDgKRuibxkfAVh5xspeKzg
i-6be1e54be88a2004-9	5	Q5969341	i-QDgKRuibxkfAVh5xspeKzg
i-6be1e54be88a2004-10	5	Q108219916	i-F4VT8U3VC4mEpPG7ty86Fk
i-6be1e54be88a2004-11	5	Q5969341	i-3G98fCUo9tjfPbJsxskLGQ
i-6be1e54be88a2004-12	5	Q5969341	i-3G98fCUo9tjfPbJsxskLGQ
i-6be1e54be88a2004-14	5	Q6020187	i-HjFzNeuunatEVt2M93adWs
i-6be1e54be88a2004-15	5	Q6020187	i-HjFzNeuunatEVt2M93adWs
i-0620affaf4986988-0	5	Q6231399	i-7PVw98K7r84bCN5acDdAnc
i-CmsNwVydccyqkiTvfMRN3z	5	Q6231399	i-7PVw98K7r84bCN5acDdAnc
i-0620affaf4986988-1	5	Q6231399	i-7PVw98K7r84bCN5acDdAnc
i-6be1e54be88a2004-16	5	Q5989925	i-T5S5jUe92Fpn9PZvuY2W2Q
i-6be1e54be88a2004-17	5	Q5989925	i-T5S5jUe92Fpn9PZvuY2W2Q
i-0620affaf4986988-2	5	Q6231399	i-3bLJMGhNQn7LsW5oksBeUT
i-0620affaf4986988-3	5	Q6231399	i-P8zrryEbzSqXBuZGmnpPCR
i-0620affaf4986988-4	5	Q6231399	i-P8zrryEbzSqXBuZGmnpPCR
i-6be1e54be88a2004-18	5	Q5989925	i-QsQRtvcnPP6tipqDTQj1cC
i-6be1e54be88a2004-19	5	Q5989925	i-QsQRtvcnPP6tipqDTQj1cC
i-0620affaf4986988-5	5	Q6231399	i-GSyBt8TcENQqSFDT5U8ULs
i-87776f0e8d2eb709-0	5	Q5789726	i-VXHRAy4EWehfQEM3B6L9Pv
i-87776f0e8d2eb709-1	5	Q5789726	i-VXHRAy4EWehfQEM3B6L9Pv
i-87776f0e8d2eb709-2	5	Q5789726	i-VXHRAy4EWehfQEM3B6L9Pv
i-87776f0e8d2eb709-4	5	Q5789726	i-VXHRAy4EWehfQEM3B6L9Pv
i-Y9Wrfc392777u422wby4Ys	5	Q5789726	i-VXHRAy4EWehfQEM3B6L9Pv
i-Wgj1dUbLsq4yLNaEBhe3Pk	5	Q5789726	i-VXHRAy4EWehfQEM3B6L9Pv
i-D5TZrZKMXQ55BFHuPZ7usR	5	Q6047050	i-LixCJXUoeLkiJRg8rToybo
i-4cccab0d3df8ec45-1	5	Q6047050	i-LixCJXUoeLkiJRg8rToybo
i-4cccab0d3df8ec45-2	5	Q6047050	i-LixCJXUoeLkiJRg8rToybo
i-D6u2RpF7AMav92qFK67zUL	5	Q6047050	i-LixCJXUoeLkiJRg8rToybo
i-b772957cb7ec6058-0	5	Q5887928	i-VZJKh2rXdk2guGWDgbSUqa
i-b772957cb7ec6058-1	5	Q5887928	i-VZJKh2rXdk2guGWDgbSUqa
i-4cccab0d3df8ec45-3	5	Q6047050	i-LULTL2MWUXhnQXrqm7HBu1
i-4cccab0d3df8ec45-4	5	Q6047050	i-LULTL2MWUXhnQXrqm7HBu1
i-b772957cb7ec6058-2	5	Q5887928	i-HAf8PuNzsqZPAP81PANRcm
i-b772957cb7ec6058-3	5	Q5887928	i-HAf8PuNzsqZPAP81PANRcm
i-6be1e54be88a2004-20	5	unknown	i-CW2GDoKbEsyb2xHCjsExJS
i-SqhScuEMrw7KsNfnPQGHjb	5	unknown	i-CW2GDoKbEsyb2xHCjsExJS
i-6be1e54be88a2004-21	5	unknown	missing
i-8752b098edfb7acd-0	5	Q6180594	i-Tn9nb4pDrRTb6n9CAHHZtR
i-8752b098edfb7acd-1	5	Q6180594	i-Tn9nb4pDrRTb6n9CAHHZtR
i-8752b098edfb7acd-2	5	Q6180594	i-Tn9nb4pDrRTb6n9CAHHZtR
i-6613f56950259eb4-0	5	Q5807811	i-F6uGSRR3VxSpMN8dxdprQ5
i-6613f56950259eb4-1	5	Q5807811	i-F6uGSRR3VxSpMN8dxdprQ5
i-6613f56950259eb4-2	5	Q5807811	i-F6uGSRR3VxSpMN8dxdprQ5
i-6613f56950259eb4-3	5	Q5807811	i-F6uGSRR3VxSpMN8dxdprQ5
i-8mGR26vGAAgWEnPeDUEoiY	5	Q5807811	i-F6uGSRR3VxSpMN8dxdprQ5
i-6be1e54be88a2004-22	5	Q108219916	i-NgT3hhcLs2Uq73yAwFM9Po
i-9dcdca755549b846-0	5	Q2954414	i-YUTw3gyrtZPi5VtotUhaHa
i-9dcdca755549b846-1	5	Q2954414	i-YUTw3gyrtZPi5VtotUhaHa
i-9dcdca755549b846-2	5	Q2954414	i-YUTw3gyrtZPi5VtotUhaHa
i-MpuaKJn7DuBoFHDYtDC9Q1	5	Q2954414	i-YUTw3gyrtZPi5VtotUhaHa
i-6613f56950259eb4-4	5	unknown	i-2EYFhe8osn2D2TjB6RXGpy
i-8752b098edfb7acd-3	5	Q6180594	i-8DnFVuHYQ6jFicU7XoiiMT
i-8752b098edfb7acd-4	5	Q6180594	i-8DnFVuHYQ6jFicU7XoiiMT
i-6be1e54be88a2004-23	5	Q108219916	i-878VmNLPf4B7edFcpYGKjR
i-6be1e54be88a2004-24	5	Q108219916	i-878VmNLPf4B7edFcpYGKjR
i-6be1e54be88a2004-25	5	Q108219916	i-878VmNLPf4B7edFcpYGKjR
i-6613f56950259eb4-6	5	Q5807811	i-94mSaVN9rAX3nip4ZMFmQ2
i-6be1e54be88a2004-26	5	Q5807811	i-94mSaVN9rAX3nip4ZMFmQ2
i-9dcdca755549b846-3	5	Q2954414	i-5J1znvtFzeXQy7oy3VvNET
i-9dcdca755549b846-4	5	Q2954414	i-5J1znvtFzeXQy7oy3VvNET
i-8752b098edfb7acd-5	5	Q6180594	i-8PQ3MRah4EEQXofg36vj3D
i-6613f56950259eb4-5	5	Q5807811	i-VqSykrdW7CMAhbiXvNhB7A
i-9dcdca755549b846-5	5	Q2954414	i-UtAsLQ8kwZnkFpYsum1PgQ
i-6be1e54be88a2004-27	5	Q108219916	i-CxQmoXy5HyYzMYKfQfYz2K
i-6be1e54be88a2004-28	5	Q108219916	i-CxQmoXy5HyYzMYKfQfYz2K
i-7k3CwQ7DgD4Rt7GuF1bCp6	5	Q108219916	i-CxQmoXy5HyYzMYKfQfYz2K
i-6be1e54be88a2004-30	5	Q108219916	i-CxQmoXy5HyYzMYKfQfYz2K
i-6be1e54be88a2004-31	5	Q6340136	i-4g9xW3jzR13gNCjSkapMxi
i-6be1e54be88a2004-32	5	Q6340136	i-4g9xW3jzR13gNCjSkapMxi
i-6be1e54be88a2004-33	5	Q3379728	i-LmX8PTipVTdaLqqF2N9hbD
i-6be1e54be88a2004-34	5	Q3379728	i-LmX8PTipVTdaLqqF2N9hbD
i-6be1e54be88a2004-35	5	Q5954195	i-RHKr75rYq11pCjAr7KBsNY
i-6be1e54be88a2004-36	5	Q5954195	i-RHKr75rYq11pCjAr7KBsNY
i-6be1e54be88a2004-37	5	Q5954195	i-RHKr75rYq11pCjAr7KBsNY
i-3892ccf83f7f42e2-3	5	Q5577506	i-DDCkBxH34TVxpxn1h3u6JQ
i-3892ccf83f7f42e2-4	5	Q5577506	i-DDCkBxH34TVxpxn1h3u6JQ
i-3892ccf83f7f42e2-5	5	Q5577506	i-DDCkBxH34TVxpxn1h3u6JQ
i-DAhbZWyQqXXPs2wFSDdrAQ	5	Q5577506	i-DDCkBxH34TVxpxn1h3u6JQ
i-6be1e54be88a2004-38	5	Q6340136	i-2kS4pt6ooYPNeePC1TxfA3
i-6be1e54be88a2004-39	5	Q3379728	i-Qkk6VpwTBnebaP4aSqXmfM
i-6be1e54be88a2004-40	5	Q3379728	i-Qkk6VpwTBnebaP4aSqXmfM
i-6be1e54be88a2004-41	5	Q5954195	i-V4Wg1TbWsGRbj2kQvAughv
i-6be1e54be88a2004-42	5	Q5954195	i-V4Wg1TbWsGRbj2kQvAughv
i-3892ccf83f7f42e2-6	5	Q5577506	i-MYdk3Ry3g6XjzMLMpWaRJD
i-3892ccf83f7f42e2-7	5	Q5577506	i-MYdk3Ry3g6XjzMLMpWaRJD
i-3892ccf83f7f42e2-8	5	Q5577506	i-MYdk3Ry3g6XjzMLMpWaRJD
i-6be1e54be88a2004-43	5	Q6340136	i-Uhw6juAFZAmXnkUzU9BMt6
i-6be1e54be88a2004-44	5	Q6340136	i-Uhw6juAFZAmXnkUzU9BMt6
i-6be1e54be88a2004-45	5	Q3379728	i-WdNDT5X7CimkQnjKy85Ltb
i-6be1e54be88a2004-46	5	Q3379728	i-WdNDT5X7CimkQnjKy85Ltb
i-3892ccf83f7f42e2-9	5	Q5577506	i-P7McpWfHrVMq1FwpXgrABz
i-6be1e54be88a2004-47	5	Q6340136	i-TELatFJ2PxLCuhybSztv1u
i-Qzhk9oBbXDnN1mnYXpz1fR	5	Q6340136	i-TELatFJ2PxLCuhybSztv1u
i-8NE7poiURX4mRrjRbxbReZ	5	Q6340136	i-TELatFJ2PxLCuhybSztv1u
i-Nr5qXWJq9ZYdTw1FkP9YcJ	5	Q6340136	i-TELatFJ2PxLCuhybSztv1u
i-ANe3bj9poiF4KpTbsGyaXX	5	Q6340136	i-TELatFJ2PxLCuhybSztv1u
i-6be1e54be88a2004-54	5	Q6070749	i-6CGJAfZWbstAs5HHFvMQGK
i-BdZXtEeydmuhptKadrapXp	5	Q6070749	i-6CGJAfZWbstAs5HHFvMQGK
i-6be1e54be88a2004-55	5	Q6070749	i-6CGJAfZWbstAs5HHFvMQGK
i-UQYKWm55nRgbuVXyqJD15i	5	Q6070749	i-6CGJAfZWbstAs5HHFvMQGK
i-6be1e54be88a2004-56	5	Q6070749	i-6CGJAfZWbstAs5HHFvMQGK
i-6be1e54be88a2004-57	5	Q6070749	i-6CGJAfZWbstAs5HHFvMQGK
i-6be1e54be88a2004-58	5	Q6070749	i-6CGJAfZWbstAs5HHFvMQGK
i-815zFdJ9GgZB7cBxU9gxvB	5	Q6070749	i-6CGJAfZWbstAs5HHFvMQGK
i-6be1e54be88a2004-59	5	Q6046795	i-9SxqN3q61EgePufT8beybc
i-WPWM4VKR6Yb5G3RwQ3b7HY	5	Q6046795	i-9SxqN3q61EgePufT8beybc
i-bd4f8dd8fb6c96bc-0	5	Q369024	i-SM4sWLWhqUp45X87U2CMGm
i-bd4f8dd8fb6c96bc-1	5	Q369024	i-SM4sWLWhqUp45X87U2CMGm
i-8d4Vqei4puPGV5zK3yubmR	5	Q369024	i-SM4sWLWhqUp45X87U2CMGm
i-H259NYVgfxT1bXRZu5eAuJ	5	Q369024	i-SM4sWLWhqUp45X87U2CMGm
i-5970a486bb0df1f9-0	5	Q5802833	i-5PG4VY5XwwB78Kxyi5aAwW
i-4cccab0d3df8ec45-5	5	unknown	i-H5tzxLRrvnucjn57HEf9Ky
i-4cccab0d3df8ec45-6	5	unknown	i-H5tzxLRrvnucjn57HEf9Ky
i-23DX9qdcHvk84HFb5hkcMS	5	unknown	missing
i-4cccab0d3df8ec45-7	5	unknown	missing
i-NZAmPuWddVb4PjQQG2nYXK	5	unknown	missing
i-4cccab0d3df8ec45-8	5	unknown	missing
i-4cccab0d3df8ec45-9	5	unknown	missing
i-6347b30b76ee49dd-0	5	Q369024	i-ANe5UjnAYmSgK8qckWaPc6
i-6be1e54be88a2004-96	5	Q6070749	i-CnAHpwnYzrpFPKQNFJr6gm
i-4cccab0d3df8ec45-10	5	Q6070749	i-CnAHpwnYzrpFPKQNFJr6gm
i-6e96558551dfc101-0	5	unknown	i-JnMS4CQE2Zd5Fqhrhq1qHN
i-6be1e54be88a2004-97	5	Q6070749	i-R34jkMFaqKpFcFfA1GhDq
i-3f68455fa2525544-0	5	Q5554059	i-bnvd8irgo9Z4ij7hKtxDA
i-3f68455fa2525544-1	5	Q5554059	i-bnvd8irgo9Z4ij7hKtxDA
i-3f68455fa2525544-11	5	Q5554059	i-bnvd8irgo9Z4ij7hKtxDA
i-Uiczc3pq6xqA8snmUuVB9J	5	Q5554059	i-bnvd8irgo9Z4ij7hKtxDA
i-6be1e54be88a2004-60	5	Q4966432	i-5h6mRSkAxeA1wrX71tyCXz
i-6be1e54be88a2004-61	5	Q4966432	i-5h6mRSkAxeA1wrX71tyCXz
i-VBpf2P391JhJLAgSMJWuFS	5	Q4966432	i-5h6mRSkAxeA1wrX71tyCXz
i-6be1e54be88a2004-62	5	Q4966432	i-5h6mRSkAxeA1wrX71tyCXz
i-ECHzrW7bFu4mdZipLNvWMc	5	Q4966432	i-5h6mRSkAxeA1wrX71tyCXz
i-6be1e54be88a2004-63	5	Q4966432	i-5h6mRSkAxeA1wrX71tyCXz
i-6be1e54be88a2004-64	5	Q4966432	i-5h6mRSkAxeA1wrX71tyCXz
i-Dz96U7fkDf7zheVwczV6jP	5	Q4966432	i-5h6mRSkAxeA1wrX71tyCXz
i-6be1e54be88a2004-65	5	Q4966432	i-5h6mRSkAxeA1wrX71tyCXz
i-T63k7oNqiRFHh2vufi3rBb	5	Q4966432	i-5h6mRSkAxeA1wrX71tyCXz
i-6be1e54be88a2004-66	5	Q5546257	i-6WkxMqzFENgmUbuTW8oGtG
i-6be1e54be88a2004-67	5	Q5546257	i-6WkxMqzFENgmUbuTW8oGtG
i-6be1e54be88a2004-68	5	Q5546257	i-6WkxMqzFENgmUbuTW8oGtG
i-6be1e54be88a2004-69	5	Q5546257	i-6WkxMqzFENgmUbuTW8oGtG
i-6be1e54be88a2004-70	5	Q4966432	i-EUBJzKxEartEmXbTwg2wyb
i-6be1e54be88a2004-71	5	Q4966432	i-EUBJzKxEartEmXbTwg2wyb
i-6be1e54be88a2004-72	5	Q5546257	i-VysYuH4CmKrjBJaEvCqAAZ
i-Qyfc79wSjRcqYnFUX3QVKm	5	Q5546257	i-VysYuH4CmKrjBJaEvCqAAZ
i-6be1e54be88a2004-77	5	Q5546257	i-VysYuH4CmKrjBJaEvCqAAZ
i-92996c1e7f101a93-0	5	Q6257757	i-57SVsNWMJuXv8Ag8PKkjBY
i-92996c1e7f101a93-1	5	Q6257757	i-57SVsNWMJuXv8Ag8PKkjBY
i-92996c1e7f101a93-2	5	Q6257757	i-57SVsNWMJuXv8Ag8PKkjBY
i-GszXktoT1GVEmDinCNJcQ1	5	Q6257757	i-57SVsNWMJuXv8Ag8PKkjBY
i-92996c1e7f101a93-4	5	Q6257757	i-57SVsNWMJuXv8Ag8PKkjBY
i-Any1y8noP2q48xoCDddLnC	5	Q6170780	i-HukzQXrcA6gpdbZ6Rwcgw1
i-c0a56e8ee4fe12af-1	5	Q6170780	i-HukzQXrcA6gpdbZ6Rwcgw1
i-c0a56e8ee4fe12af-2	5	Q6170780	i-HukzQXrcA6gpdbZ6Rwcgw1
i-XgYknzJHbjmLbDKNrLAZqi	5	Q6170780	i-HukzQXrcA6gpdbZ6Rwcgw1
i-c0a56e8ee4fe12af-3	5	Q6170780	i-HukzQXrcA6gpdbZ6Rwcgw1
i-6be1e54be88a2004-80	5	Q6017016	i-GcPKxKjVf4rcd7dbRnYGs8
i-p91g5TDBp2XGvBeKX6sMX	5	Q6017016	i-GcPKxKjVf4rcd7dbRnYGs8
i-6be1e54be88a2004-82	5	Q6017016	i-GcPKxKjVf4rcd7dbRnYGs8
i-6be1e54be88a2004-83	5	Q6017016	i-GcPKxKjVf4rcd7dbRnYGs8
i-c0a56e8ee4fe12af-4	5	Q6170780	i-3RSgRxYC7TfZ161GjdxS9M
i-9dcdca755549b846-6	5	Q2954414	i-2e2JoCSkL53wkWwg2uBp1i
i-9dcdca755549b846-7	5	Q2954414	i-2e2JoCSkL53wkWwg2uBp1i
i-84VvK9wtPBmpJaBuQQ3xsd	5	unknown	i-39Mc6UGaw2ZLs6uQK3vPFe
i-6be1e54be88a2004-86	5	unknown	i-39Mc6UGaw2ZLs6uQK3vPFe
i-D5QLYLuh6GhEyaDUGFNuk1	5	unknown	missing
i-6kaLdEgPSCQFHgNQjrKjse	5	unknown	missing
i-Kzvx6rFZyNTSdbbMsSKudV	5	unknown	missing
i-6be1e54be88a2004-87	5	unknown	missing
i-fe06aa736fc448b3-0	5	Q6010180	i-oYUGXs3ymU4mrcLcorfdV
i-fe06aa736fc448b3-1	5	Q6010180	i-oYUGXs3ymU4mrcLcorfdV
i-K9ov8ZrieETRhfvkAhW24t	5	Q6010180	i-oYUGXs3ymU4mrcLcorfdV
i-AZBdNXSzApTxTk8pjYF7ts	5	Q116040430	i-KsXGfg8y7NveFu4ZyPCuTB
i-HFjSQUhHtNZYjX1zr6tb5f	5	Q116040430	i-KsXGfg8y7NveFu4ZyPCuTB
i-SMvXabGJyMTgY6yJ6d8cqi	5	Q116040430	i-KsXGfg8y7NveFu4ZyPCuTB
i-defe4e9c614ae3a2-1	5	Q116040430	i-KsXGfg8y7NveFu4ZyPCuTB
i-defe4e9c614ae3a2-2	5	Q116040430	i-KsXGfg8y7NveFu4ZyPCuTB
i-9dcdca755549b846-10	5	Q2954414	i-4b31DUsdubycw58QcyC7Aj
i-9dcdca755549b846-11	5	Q2954414	i-4b31DUsdubycw58QcyC7Aj
i-9dcdca755549b846-12	5	Q2954414	i-4b31DUsdubycw58QcyC7Aj
i-fe06aa736fc448b3-2	5	Q6010180	i-9t2Zt5eAsksS7ADqhfNSK3
i-fe06aa736fc448b3-3	5	Q6010180	i-9t2Zt5eAsksS7ADqhfNSK3
i-defe4e9c614ae3a2-3	5	Q116040430	i-3b3cjFnPecmrbW62sr5Y93
i-9dcdca755549b846-13	5	Q2954414	i-LMit2TyoitR7VYB5NrU456
i-9dcdca755549b846-14	5	Q2954414	i-LMit2TyoitR7VYB5NrU456
i-fe06aa736fc448b3-4	5	Q6010180	i-XwNZRnKVhg9SJkLBJn1yGP
i-9dcdca755549b846-15	5	Q2954414	i-717iPcDqKuJQzeuD6kAs9w
i-9dcdca755549b846-16	5	Q2954414	i-717iPcDqKuJQzeuD6kAs9w
i-07f8bb6500f3d27f-0	5	Q6255268	i-QkiqkPJVU6yEpxLD2gEHRQ
i-Ux8FzQ8c9tGvvvm5VvNUcD	5	Q6255268	i-QkiqkPJVU6yEpxLD2gEHRQ
i-07f8bb6500f3d27f-1	5	Q6255268	i-QkiqkPJVU6yEpxLD2gEHRQ
i-07f8bb6500f3d27f-2	5	Q6255268	i-QkiqkPJVU6yEpxLD2gEHRQ
i-07f8bb6500f3d27f-3	5	Q6255268	i-QkiqkPJVU6yEpxLD2gEHRQ
i-07f8bb6500f3d27f-4	5	Q6255268	i-QkiqkPJVU6yEpxLD2gEHRQ
i-07f8bb6500f3d27f-5	5	Q6255268	i-QkiqkPJVU6yEpxLD2gEHRQ
i-GBGP5PaKLKTKVhoZjZKAuZ	5	Q6255268	i-QkiqkPJVU6yEpxLD2gEHRQ
i-07f8bb6500f3d27f-6	5	Q6255268	i-QkiqkPJVU6yEpxLD2gEHRQ
i-VjrLWny8tCC4ma9NJRNYn4	5	Q6255268	i-QkiqkPJVU6yEpxLD2gEHRQ
i-07f8bb6500f3d27f-7	5	Q6255268	i-QkiqkPJVU6yEpxLD2gEHRQ
i-07f8bb6500f3d27f-8	5	Q6255268	i-QkiqkPJVU6yEpxLD2gEHRQ
i-07f8bb6500f3d27f-9	5	Q6255268	i-QkiqkPJVU6yEpxLD2gEHRQ
i-56ZGBN1z5MhJtgK7TbKq7Q	5	Q6194302	i-GrH2oaGaaM7Hx1KSZm3rB2
i-b806bf9edf539b9f-1	5	Q6194302	i-GrH2oaGaaM7Hx1KSZm3rB2
i-b806bf9edf539b9f-2	5	Q6194302	i-GrH2oaGaaM7Hx1KSZm3rB2
i-b806bf9edf539b9f-3	5	Q6194302	i-GrH2oaGaaM7Hx1KSZm3rB2
i-07f8bb6500f3d27f-10	5	Q6255268	i-HoDrkZVw9XyTWJCbbBoWq7
i-07f8bb6500f3d27f-11	5	Q6255268	i-HoDrkZVw9XyTWJCbbBoWq7
i-07f8bb6500f3d27f-12	5	Q6255268	i-HoDrkZVw9XyTWJCbbBoWq7
i-b806bf9edf539b9f-4	5	Q6194302	i-kKwchvmGcCczwx5qpBvmM
i-3YDEGDupFt9av7vVCxszks	5	Q6194302	i-kKwchvmGcCczwx5qpBvmM
i-PLdxuoex6AF2jmD66WkKbM	5	unknown	i-QTXv4S4qVbJSug8jSGuXLk
i-6be1e54be88a2004-89	5	Q3424655	i-Rb5yPNtEnwcSC5HgW9LJFi
i-NvZXCiL5KzQUvR5nutNQvW	5	Q3424655	i-Rb5yPNtEnwcSC5HgW9LJFi
i-6be1e54be88a2004-90	5	Q3424655	i-Rb5yPNtEnwcSC5HgW9LJFi
i-6be1e54be88a2004-91	5	Q3424655	i-Rb5yPNtEnwcSC5HgW9LJFi
i-6be1e54be88a2004-92	5	Q3424655	i-Rb5yPNtEnwcSC5HgW9LJFi
i-6be1e54be88a2004-93	5	Q3424655	i-Rb5yPNtEnwcSC5HgW9LJFi
i-6be1e54be88a2004-94	5	Q3424655	i-Rb5yPNtEnwcSC5HgW9LJFi
i-6be1e54be88a2004-95	5	Q3424655	i-Rb5yPNtEnwcSC5HgW9LJFi
i-3558ae7c1b094e0e-0	5	Q5715273	i-K2zMg7q6rdAQdCd6asg5sA
i-3558ae7c1b094e0e-1	5	Q5715273	i-K2zMg7q6rdAQdCd6asg5sA
i-3558ae7c1b094e0e-2	5	unknown	i-BVfwrihpA5T7uDEYYvye84
i-7emR4Nd9U6pXyyrYH4BiXT	5	unknown	i-BVfwrihpA5T7uDEYYvye84
i-F7HxwenFCU8AFdwctgo84U	6	Q5784568	i-GmpTmMyyUivoVPEGzvy5eG
i-FMU5prTXzHjoLfWspG2AJm	6	Q5784568	i-GmpTmMyyUivoVPEGzvy5eG
i-R1mfFNpdbvFJExf1QSXs2P	6	Q5784568	i-GmpTmMyyUivoVPEGzvy5eG
i-2Z4KMeJPrWrbwPdNT2fd53	6	Q5784568	i-GmpTmMyyUivoVPEGzvy5eG
i-X34X9bB5798oxSpn8cFyKK	6	Q5784568	i-GmpTmMyyUivoVPEGzvy5eG
i-5jVjvL2eAe6nC1zfCtDJP6	6	Q5784568	i-GmpTmMyyUivoVPEGzvy5eG
i-6W5Eh99UovPVEtPMq6HtUY	6	Q5784568	i-GmpTmMyyUivoVPEGzvy5eG
i-6rE8YuaZKmd9brnQtVS7gr	6	Q5784568	i-GmpTmMyyUivoVPEGzvy5eG
i-6YAzxncbnPsviYQMSn5qww	6	Q5784568	i-GmpTmMyyUivoVPEGzvy5eG
i-6962e6a547ff5795-0	6	unknown	i-W5kiFqZNFC2zokVXCeLfro
i-LCZJ8zXyJd82sKBZvGNyZK	6	unknown	i-W5kiFqZNFC2zokVXCeLfro
i-EhnuxQ48gWBBbNcNAoDdAN	6	unknown	missing
i-LTev8g6ZX6d1uQNv1Sm5H2	6	unknown	missing
i-DCozM7bT8PsKJ6KLPnVt2a	6	unknown	missing
i-2fgotDniTwtKwADDEmxQJi	6	unknown	missing
i-6962e6a547ff5795-1	6	unknown	missing
i-T9bH9auM6ieetRRekLP4gD	6	unknown	missing
i-LT3mx4LeT7xEshp8zw1Zpx	6	unknown	missing
i-8qNqakVep7636DaWvkzKcN	6	unknown	missing
i-6962e6a547ff5795-3	6	unknown	i-F7dhfyko2YLxtDCbxgkSD
i-67SdwjUWXZBHSCuiBSbR3Q	6	unknown	i-F7dhfyko2YLxtDCbxgkSD
i-6962e6a547ff5795-4	6	unknown	missing
i-6962e6a547ff5795-5	6	unknown	missing
i-6962e6a547ff5795-6	6	unknown	missing
i-8RP78A4QJ1ptts25iyKJNc	6	unknown	missing
i-5UQaxqsEruvY2f4AW3qLV3	6	Q6180020	i-QWeNiL5PSXJcaS3BfedJuj
i-6962e6a547ff5795-11	6	Q5997101	i-4vP9JWQg17eap3FgUbAsso
i-CAA6oqXoBL6zhHGERvFuNg	6	Q5997101	i-4vP9JWQg17eap3FgUbAsso
i-6962e6a547ff5795-14	6	Q6072689	i-Fm8rc8Wph5W4RzT98eRMvq
i-6962e6a547ff5795-15	6	Q6172705	i-VqRGkB2GpqVqWoqU3BirdQ
i-6962e6a547ff5795-16	6	Q6172705	i-VqRGkB2GpqVqWoqU3BirdQ
i-6962e6a547ff5795-17	6	Q6172705	i-VqRGkB2GpqVqWoqU3BirdQ
i-7iosrewzCUBDyrjYMEa8W6	6	Q6172705	i-VqRGkB2GpqVqWoqU3BirdQ
i-6962e6a547ff5795-18	6	Q6172705	i-VqRGkB2GpqVqWoqU3BirdQ
i-V98pjHnoeemWX1ofER896L	6	Q5577840	i-XwHduHhCY7ALJfMMASoebP
i-6962e6a547ff5795-19	6	Q5577840	i-XwHduHhCY7ALJfMMASoebP
i-6962e6a547ff5795-20	6	Q5577840	i-XwHduHhCY7ALJfMMASoebP
i-6962e6a547ff5795-21	6	unknown	i-Q71kM75RGPz3Ft5MMv1h42
i-6962e6a547ff5795-22	6	unknown	i-Q71kM75RGPz3Ft5MMv1h42
i-6962e6a547ff5795-23	6	Q6156731	i-AbaW8XSXpARevB7PnZqdC3
i-6962e6a547ff5795-24	6	Q6156731	i-AbaW8XSXpARevB7PnZqdC3
i-6962e6a547ff5795-25	6	Q5716662	i-6TprtYFyxRg9pn4wo3hSaf
i-6962e6a547ff5795-26	6	Q5716662	i-6TprtYFyxRg9pn4wo3hSaf
i-5jydL24iNKnx36CqnsJpTz	6	Q5716662	i-6TprtYFyxRg9pn4wo3hSaf
i-6962e6a547ff5795-27	6	unknown	i-A2Sd1miWtgHiM5W5XoA5ta
i-x8ZtH6zVnGjZ7RxenW6YJ	6	unknown	i-A2Sd1miWtgHiM5W5XoA5ta
i-6962e6a547ff5795-46	6	unknown	missing
i-KTLHxnfNd1rtuifgTKdpZM	6	Q6151901	i-HpYDRu46nsa2N1xzcb3g8m
i-KAhCRFJMUHuV2o1r68tm4J	6	Q6151901	i-HpYDRu46nsa2N1xzcb3g8m
i-6962e6a547ff5795-50	6	Q4938354	i-VeBXb9AxhK5Nfd5P5AQ7tR
i-6962e6a547ff5795-51	6	Q4938354	i-VeBXb9AxhK5Nfd5P5AQ7tR
i-6962e6a547ff5795-52	6	Q4938354	i-VeBXb9AxhK5Nfd5P5AQ7tR
i-5gyHu5aGvMk6a27jpKMy2x	6	Q6198452	i-7wFGJGb4mAS3RyCQ2GbHZj
i-B3rdsRLyvUHU5wZLjRupkP	6	Q6198452	i-7wFGJGb4mAS3RyCQ2GbHZj
i-K5fToh5NiDnXdieUzM2zX5	6	Q6198452	i-7wFGJGb4mAS3RyCQ2GbHZj
i-4f6qnnD4uvnHCrt6BhvkMx	6	Q6198452	i-7wFGJGb4mAS3RyCQ2GbHZj
i-6962e6a547ff5795-54	6	Q6198452	i-7wFGJGb4mAS3RyCQ2GbHZj
i-6962e6a547ff5795-55	6	Q6198452	i-7wFGJGb4mAS3RyCQ2GbHZj
i-SE458GycQE4VQWWNEaogEL	6	Q6198452	i-7wFGJGb4mAS3RyCQ2GbHZj
i-6962e6a547ff5795-56	6	Q6198452	i-7wFGJGb4mAS3RyCQ2GbHZj
i-6962e6a547ff5795-62	6	Q6198452	i-7wFGJGb4mAS3RyCQ2GbHZj
i-4pbyGvgM1GiVrdGGr3T15f	6	Q6198452	i-7wFGJGb4mAS3RyCQ2GbHZj
i-MoBSxqq5h7o7BZNpPVLAd8	6	Q6198452	i-7wFGJGb4mAS3RyCQ2GbHZj
i-6962e6a547ff5795-64	6	unknown	i-J3LceF93mBg4AAVPfmyZM2
i-6962e6a547ff5795-83	6	Q5782529	i-7aEZKMF1pz2Ffj43X8N5La
i-6962e6a547ff5795-84	6	Q5782529	i-7aEZKMF1pz2Ffj43X8N5La
i-6962e6a547ff5795-85	6	Q5782529	i-7aEZKMF1pz2Ffj43X8N5La
i-LEMEZ8dNPJZvNRmNM7Awy8	6	Q5782529	i-7aEZKMF1pz2Ffj43X8N5La
i-6962e6a547ff5795-86	6	Q5782529	i-7aEZKMF1pz2Ffj43X8N5La
i-6962e6a547ff5795-87	6	Q5963832	i-BV4F9B9wG7KyrQD4jcspox
i-9j2XCrcg42QpZRqmZQJter	6	Q5963832	i-BV4F9B9wG7KyrQD4jcspox
i-6962e6a547ff5795-88	6	Q5963832	i-BV4F9B9wG7KyrQD4jcspox
i-QjQgmM5jZU7HjmCRVHZpt6	6	Q5963832	i-BV4F9B9wG7KyrQD4jcspox
i-6LViB1pAXN4CBVw4DMmr71	7	Q6180020	i-4F8nFMJ5rarPEj8UkZ29t9
i-KhYHQadMqa3DLohFFCGVMY	7	unknown	i-6NYSHuvMsTBSTdfykiXqN5
i-HpVhuEF2jCuWMUjsKqLdqg	7	unknown	i-6NYSHuvMsTBSTdfykiXqN5
i-8gAASwTczGUFMjuprsFpW5	7	unknown	missing
i-LMH8pDc9n2vGkxKxuFnRXq	7	unknown	missing
i-HhBFp3UjTGzNBYAfi9n2ga	7	unknown	missing
i-W9uF9Rv9iF1g8fJfcuPWGy	7	unknown	missing
i-2BLsUiSL8SmWD52SViBk4J	7	unknown	missing
i-3amckJX3MYanm3mDZNeK62	7	unknown	missing
i-DyHFo5kB4ATw9TZN5NRMzh	7	unknown	missing
i-D7Hnke7P1XyNapnHApUqsN	7	unknown	missing
i-JcFZh8km5Y7Bx7WCj9UBcS	7	unknown	missing
i-NyANy3i6VUpqSKgMg7SZk1	7	unknown	missing
i-JS8uQLkBrAPXLqhKA7SYyD	7	unknown	missing
i-FGJwJZG2e3quZLqwwqhy8k	7	unknown	missing
i-MzAdNhxFqTv5h7PDULD7Sh	7	unknown	missing
i-HFApVxsGMZQPciw8Kamz84	7	unknown	missing
i-Ls9M6FCR7fLvZfG6m8Scts	7	unknown	missing
i-GrGKZbdnmRZgZxZM8xbGJN	7	Q6072689	i-Nf2p2YXsMArqMg4Fsg7xNx
i-7jvx8gwKk2WQN4bDqwuNBc	7	Q6072689	i-Nf2p2YXsMArqMg4Fsg7xNx
i-HEXdQ3t8x5aXEa3SyEz7E2	7	Q6072689	i-Nf2p2YXsMArqMg4Fsg7xNx
i-BWdGLCeXon1SNMHBsNhYNW	7	Q6072689	i-Nf2p2YXsMArqMg4Fsg7xNx
i-XqBtvFNBWkJVVLMSYsNBqt	7	Q6072689	i-Nf2p2YXsMArqMg4Fsg7xNx
i-WpcvrZvuHUK8L1ZmrAUQi6	7	Q6072689	i-Nf2p2YXsMArqMg4Fsg7xNx
i-2gf1K7SiJ9ENb8DnxZWZho	7	Q6072689	i-Nf2p2YXsMArqMg4Fsg7xNx
i-FJrjGotdVi34RWetUB654D	7	Q6072689	i-Nf2p2YXsMArqMg4Fsg7xNx
i-XSmjjqTu7EYs5XuCAfF24N	7	Q6072689	i-Nf2p2YXsMArqMg4Fsg7xNx
i-EzGULjPqDVWc5aEtqU9FVa	7	Q6072689	i-Nf2p2YXsMArqMg4Fsg7xNx
i-JB9MDaA23gW6RmNJp2L9zi	7	Q6072689	i-DmsGegGAKvXR9khEahEMJJ
i-EtmL12SdZ3M8LASzuvN4y3	7	Q6072689	i-DmsGegGAKvXR9khEahEMJJ
i-Ve6PxKYkhzVucYrB8BnEF2	7	Q6072689	i-DmsGegGAKvXR9khEahEMJJ
i-GSsm9Si9PkWUXbKuLrU5CH	7	Q6072689	i-DmsGegGAKvXR9khEahEMJJ
i-BjHU35XRoxcpxqjgh76wpg	7	Q6072689	i-DmsGegGAKvXR9khEahEMJJ
i-2Q5zRVLDxYs5pzHWudFwFN	7	Q6072689	i-DmsGegGAKvXR9khEahEMJJ
i-EbrERe8GQ7YV7fyFArtRue	7	Q6072689	i-DmsGegGAKvXR9khEahEMJJ
i-BgBNj7rX6eApwm6hn4vSxQ	7	Q6072689	i-DmsGegGAKvXR9khEahEMJJ
i-Wuh9P1fyp8V1Zcyh2T6SiF	7	Q6072689	i-DmsGegGAKvXR9khEahEMJJ
i-3xn9kaZn9fTYgQC1FQatKi	7	Q6072689	i-DmsGegGAKvXR9khEahEMJJ
i-SrJMaRRcCjbKn6CTMeNcyJ	7	Q6072689	i-DmsGegGAKvXR9khEahEMJJ
i-3AakwDxp5CTKK51QjDEC6N	7	Q6072689	i-DmsGegGAKvXR9khEahEMJJ
i-4aJozjssfhpZNUjis9w4p2	7	Q5777440	i-ATm18xS5BtyuMLos2L5KJJ
i-LJ1FUNoW3gH6SD157iaD6V	7	Q5777440	i-ATm18xS5BtyuMLos2L5KJJ
i-G1tVezcKky1BHMRpWYjZTp	7	Q5777440	i-ATm18xS5BtyuMLos2L5KJJ
i-E8q6nLeQiG98gNyf5Yvwu2	7	Q5777440	i-ATm18xS5BtyuMLos2L5KJJ
i-HKUyvbiCX9LHjFXV6gi2SH	7	Q5777440	i-ATm18xS5BtyuMLos2L5KJJ
i-EPCJVso1NNCBFYieejeL8o	7	Q5777440	i-ATm18xS5BtyuMLos2L5KJJ
i-TWnYbeCZ5KDMDGfx5ML5j1	7	Q5777440	i-ATm18xS5BtyuMLos2L5KJJ
i-RHbi418J8724N7TWXQrQhY	7	Q5777440	i-ATm18xS5BtyuMLos2L5KJJ
i-Vvo4V8Pfj1cAKKbjJbhFn9	7	Q5777440	i-ATm18xS5BtyuMLos2L5KJJ
i-2gop8mYhRRXMfucbSLCA9i	7	Q5777440	i-ATm18xS5BtyuMLos2L5KJJ
i-N1CUGZagntjftvVSqVjaVq	7	Q5551491	i-8x76L7c8D8CGdRQASAjCpg
i-65iW3c8ef1pWePivyiR8Aa	7	Q5551491	i-8x76L7c8D8CGdRQASAjCpg
i-5n1ocqLouyrF85RkGpZpnX	7	Q5551491	i-8x76L7c8D8CGdRQASAjCpg
i-HnMgUATLHfWpxj2y4XCSC	7	Q5551491	i-8x76L7c8D8CGdRQASAjCpg
i-7B2ezsvVLQS8j6FjcsahVP	7	Q5551491	i-8x76L7c8D8CGdRQASAjCpg
i-XLGE6KDL49bRParrdEdKZN	7	Q5551491	i-8x76L7c8D8CGdRQASAjCpg
i-Pc4hsXbyDzCTgfzLYSYwjh	7	Q5551491	i-8x76L7c8D8CGdRQASAjCpg
i-PgV6uhki1VC6bhpGdr71jr	7	Q5551491	i-8x76L7c8D8CGdRQASAjCpg
i-PrLHUxuDBmYrULwXVyzcnX	7	Q4984675	i-bEeGErVC4ETEA5Ch7WepM
i-QDGhqDeZrp68PFoZNQvnk7	7	Q4984675	i-bEeGErVC4ETEA5Ch7WepM
i-AV4rg6dfDHcRRbfu31KSu6	7	Q4984675	i-bEeGErVC4ETEA5Ch7WepM
i-Jn3vjCXCfYDAom3vPapSTM	7	Q4984675	i-bEeGErVC4ETEA5Ch7WepM
i-TYo6pKz58vQ1SUnog2MdTr	7	Q4984675	i-bEeGErVC4ETEA5Ch7WepM
i-WbNCGiHztTuaMUCUVGzpLW	7	Q4984675	i-bEeGErVC4ETEA5Ch7WepM
i-9VKPU1r5jJti6wZgaTVLD5	7	Q4984675	i-bEeGErVC4ETEA5Ch7WepM
i-U4CT95aUA7KbaMnTQnfiDd	7	Q4984675	i-bEeGErVC4ETEA5Ch7WepM
i-VgsNHj5c8E6Nh2HgY7qSG4	7	Q6156731	i-SWoSrnzkbgb35Dvg4A62Ui
i-GmNMYfUKWqCeNhHDhNrtbA	7	Q6156731	i-SWoSrnzkbgb35Dvg4A62Ui
i-DyFuZzwkNBVHBqPEmMCvHe	7	Q6156731	i-SWoSrnzkbgb35Dvg4A62Ui
i-JTvm9Cz7A18j5u8DoTk7Hf	7	Q6156731	i-SWoSrnzkbgb35Dvg4A62Ui
i-8GqPRXeWrj6BtTmFRN3h6K	7	Q6156731	i-SWoSrnzkbgb35Dvg4A62Ui
i-F8CgzhCqJVx1dTAbWKwn1Y	7	Q6156731	i-SWoSrnzkbgb35Dvg4A62Ui
i-45W4At8QX1E4nWpSKHjQLb	7	Q6156731	i-SWoSrnzkbgb35Dvg4A62Ui
i-UF5MwpTWbmTYi8HTrNhmMA	7	Q5781896	i-Y9m9fVaufx2ruLRAMMr8iX
i-UD3rac8oa86GiaKhf8ev2c	7	Q5781896	i-Y9m9fVaufx2ruLRAMMr8iX
i-NjrDdQHnqoQD71RcZicMEr	7	Q5781896	i-Y9m9fVaufx2ruLRAMMr8iX
i-JQqBuFbwaVwhnHadpKXrge	7	Q5781896	i-Y9m9fVaufx2ruLRAMMr8iX
i-7VDMw5aXk6pTaUzxcFKnZX	7	Q5781896	i-Y9m9fVaufx2ruLRAMMr8iX
i-7NV3zg9wL8uteVHAKQQXMw	7	Q5781896	i-Y9m9fVaufx2ruLRAMMr8iX
i-LB8p8ag8rUvQ2LmAMtqrDL	7	Q6012223	i-Ue87EXJpsCqjyoSb6NufqG
i-NuVJkeQY8iZiAMxN9cRKHo	7	Q6012223	i-Ue87EXJpsCqjyoSb6NufqG
i-SawciugJCnCkFeGrsLEKAi	7	Q6012223	i-Ue87EXJpsCqjyoSb6NufqG
i-MFc3sVRumS5hfcv9mWRToN	7	Q6012223	i-Ue87EXJpsCqjyoSb6NufqG
i-VAmFpko4P7ga2hyvUBidyd	7	Q6012223	i-Ue87EXJpsCqjyoSb6NufqG
i-ENdw4y2Bk5CPjJM9Ax5njY	7	Q6012223	i-Ue87EXJpsCqjyoSb6NufqG
i-JciBWLsTpELo9DPaMxiSLJ	7	Q6012223	i-Ue87EXJpsCqjyoSb6NufqG
i-8QkV8zmrgihbRwoYnnANeg	7	Q6012223	i-Ue87EXJpsCqjyoSb6NufqG
i-EamqHiSVDzJkYU9tzNv3Xw	7	Q6012223	i-Ue87EXJpsCqjyoSb6NufqG
i-FgeZs4MjcVbRjnxm1VbPdN	7	Q6012223	i-Ue87EXJpsCqjyoSb6NufqG
i-LW56QiKX95kfRWktL9pzDf	7	Q6012223	i-Ue87EXJpsCqjyoSb6NufqG
i-RgSsn9WLu8d6CG7edfT3DZ	7	Q6012223	i-Ue87EXJpsCqjyoSb6NufqG
i-Xs5ifbmau5LK6MNhRJUMKd	7	Q6012223	i-Ue87EXJpsCqjyoSb6NufqG
i-T3rf4twFgGcMrxmdsTqrJj	7	Q6012223	i-Ue87EXJpsCqjyoSb6NufqG
i-MoMSgc8bM2QAbtcQT8Jopv	7	Q6012223	i-Ue87EXJpsCqjyoSb6NufqG
i-9REk4bMhkYXFX7QbeKViKP	7	Q6012223	i-Ue87EXJpsCqjyoSb6NufqG
i-PCbxvNLeta4evVNN72zk7u	7	Q6012223	i-Ue87EXJpsCqjyoSb6NufqG
i-HsCT3Nkuya11ruxMksAAWU	7	Q6172705	i-8fuGg3fARWvAmf6Y99rDH8
i-Q2uyWjNozwAfZsYcVFWFiD	7	Q6172705	i-8fuGg3fARWvAmf6Y99rDH8
i-Eykd35PDPQkCQw26Q19vBU	7	Q6172705	i-8fuGg3fARWvAmf6Y99rDH8
i-sX3dEpdadpoAJkWWAq8uc	7	Q6172705	i-8fuGg3fARWvAmf6Y99rDH8
i-Qbr1XhbGxqPmciBRbxb9bx	7	Q6172705	i-8fuGg3fARWvAmf6Y99rDH8
i-QmcgSQ1tRH5j8714ebpZYT	7	Q6172705	i-8fuGg3fARWvAmf6Y99rDH8
i-X7Nc9UL4wMHG2MAR2xhWhU	7	Q6172705	i-8fuGg3fARWvAmf6Y99rDH8
i-26LggvYow7vV6R6jWzsy13	7	Q6172705	i-8fuGg3fARWvAmf6Y99rDH8
i-CQk7jd8rfmtXbT4kW6EAGd	7	Q6172705	i-8fuGg3fARWvAmf6Y99rDH8
i-Br6uQN781HWoj2JuUpcaM7	7	Q6172705	i-8fuGg3fARWvAmf6Y99rDH8
i-HKsm5GoRKpRc7vChAEJU9u	7	Q5621600	i-8SNdZxxXwk4oELRErjs817
i-JUcRqUWvqw4oYKJNCC5tJf	7	Q5621600	i-8SNdZxxXwk4oELRErjs817
i-VJSUe3wejC4wD9Pq89XBy9	7	Q5621600	i-8SNdZxxXwk4oELRErjs817
i-83jzuxtPtq8mnL1APaDjhp	7	Q5621600	i-8SNdZxxXwk4oELRErjs817
i-6koqGJSi3nxfyfCS6RNkWe	7	Q5621600	i-8SNdZxxXwk4oELRErjs817
i-MNVB9Pb8vmY8ER2pKP2hfP	7	Q5621600	i-8SNdZxxXwk4oELRErjs817
i-6nMxZLGspycuUuzQepPW88	7	Q6199074	i-MmfEU6soHtpmUU33EJqAfJ
i-BYVFHSog2BH4fgwfViGZx9	7	Q6199074	i-MmfEU6soHtpmUU33EJqAfJ
i-AghVv7J76G5eehnHYsCejf	7	Q6199074	i-MmfEU6soHtpmUU33EJqAfJ
i-3hA4BijJ99tBBnmTB3PraA	7	Q6199074	i-MmfEU6soHtpmUU33EJqAfJ
i-8mbT7JThLk427dV8oAvxPt	7	Q6199074	i-MmfEU6soHtpmUU33EJqAfJ
i-C1JQz9Dg9hSKRxM78JwcmZ	7	Q6199074	i-MmfEU6soHtpmUU33EJqAfJ
i-JzhQh5W2wsBgAKDKBrjG2F	7	Q6199074	i-MmfEU6soHtpmUU33EJqAfJ
i-HUBkVDxTL4yKuXy1TncKje	7	Q6199074	i-MmfEU6soHtpmUU33EJqAfJ
i-DgGU3B11eFvLMyV7pcV3ra	7	Q6199074	i-MmfEU6soHtpmUU33EJqAfJ
i-LW1K4VjX1X8obbtRV1vVWm	7	Q6199074	i-MmfEU6soHtpmUU33EJqAfJ
i-e6053ee9efdddcf5-0	7	unknown	i-3Smns3nyt8SjMBWkcD5ZsL
i-e6053ee9efdddcf5-1	7	Q6206899	i-VG6x6Q46SQmpPAG4uT3HhR
i-91JDGSXJ3zFa3nwuLaLeMt	7	Q6206899	i-VG6x6Q46SQmpPAG4uT3HhR
i-e6053ee9efdddcf5-3	7	Q179493	i-2fpnwtkdPYgD5NzJ1uEM6n
i-RzZC4przw7Y7gEm63GL8UL	7	Q179493	i-2fpnwtkdPYgD5NzJ1uEM6n
i-J7TBkTZNGv9bAKCt7b1vmh	7	Q179493	i-2fpnwtkdPYgD5NzJ1uEM6n
i-e6053ee9efdddcf5-5	7	Q179493	i-2fpnwtkdPYgD5NzJ1uEM6n
i-2nvUAk9FnA3GjgrmhtN37P	7	Q179493	i-2fpnwtkdPYgD5NzJ1uEM6n
i-e6053ee9efdddcf5-8	7	unknown	i-SnYFh4F99xPViz6GMDN88N
i-4YB3oAcGt4pUvJ7ia3r5md	7	unknown	i-SnYFh4F99xPViz6GMDN88N
i-8YgXFnoU95QgNKYMqDBYTh	8	Q6195774	i-TjA6WXELMke1BqARR2jVmM
i-5eVkyV69YeKz7QLvzvkNHm	8	Q6195774	i-TjA6WXELMke1BqARR2jVmM
i-ERz9S5xQA1Wuwh1ZGGeF1a	8	Q6195774	i-TjA6WXELMke1BqARR2jVmM
i-9KAXXCzrtfj3rs6j1j9jgn	8	Q6195774	i-TjA6WXELMke1BqARR2jVmM
i-PM19TtqoURYYf8wBjxHLno	8	Q6195774	i-TjA6WXELMke1BqARR2jVmM
i-V21w7FRpj9ydV2UsyaYxxf	8	Q6195774	i-TjA6WXELMke1BqARR2jVmM
i-2k36DPQzWc9turyaUM6fdf	8	Q6195774	i-TjA6WXELMke1BqARR2jVmM
i-5vER7h3D3RsL6DwpBGFCcj	8	Q6195774	i-TjA6WXELMke1BqARR2jVmM
i-7jXRNVzHVVCKZGYkY4fm9g	8	Q6195774	i-TjA6WXELMke1BqARR2jVmM
i-Q4y7uPDF7UDtmeP5DnL1z3	8	Q6195774	i-TjA6WXELMke1BqARR2jVmM
i-G7GCPDEQimZoY26zSopwPR	8	unknown	i-HKZaVZ3F2TB44zFEDteeBZ
i-WVfTKehm6SAWuw3TtCu93C	8	Q6195774	i-CnJQKsb5EgCfzUF4wr6rn7
i-HoJwqoV6PY8wpS7cwbRNHY	8	unknown	i-bsRLQcuTezpbvQVGz2CtT
i-c86a27dab9dc7056-0	8	Q6195774	i-14bCmPFfvRWGyMwactK2zp
i-JxPQibjN6u6s12eQGHAdBe	8	Q6195774	i-14bCmPFfvRWGyMwactK2zp
i-H7LeUBHjvVTSMKeZT44zSV	8	unknown	i-6ji46ZBsoPPuUUWdaEUWM1
i-c86a27dab9dc7056-3	8	unknown	i-6ji46ZBsoPPuUUWdaEUWM1
i-c86a27dab9dc7056-4	8	unknown	missing
i-NUreJp3QGRn8gPSyxBBsnd	8	Q5886385	i-578a2THJjaxvaAMZW6qt9P
i-UtrYML3CZ4xq421FBvjwrh	8	unknown	i-KAdQxff76TWwUqJEMf91nz
i-c86a27dab9dc7056-12	8	Q5967746	i-CUaM61qaDqoxx1EnFsYWBh
i-c86a27dab9dc7056-13	8	Q5967746	i-CUaM61qaDqoxx1EnFsYWBh
i-UJVBpQPCSTqsqZpaUabtsp	8	Q5967746	i-CUaM61qaDqoxx1EnFsYWBh
i-c86a27dab9dc7056-17	8	unknown	i-B2ComfkjXqMRrUxWqiL4wv
i-5cSJnUs4vLP4ZNv92C1MXu	8	unknown	i-B2ComfkjXqMRrUxWqiL4wv
i-c86a27dab9dc7056-41	8	unknown	missing
i-F4pM7kEPG2ZotwMrHQt2cj	8	unknown	missing
i-L5ByJdfghDSRbAqvKAUBJo	9	Q6180686	i-Uqxw8F3ab3EzhSdhtXgEQQ
i-78ohmhxyFAxeNRG2udKcJ6	9	Q6180686	i-Uqxw8F3ab3EzhSdhtXgEQQ
i-5WundmLzokAUdarW48Pvwr	9	Q6180686	i-Uqxw8F3ab3EzhSdhtXgEQQ
i-YCaafrCyNPSpuKDRU1bQ1j	9	Q6180686	i-Uqxw8F3ab3EzhSdhtXgEQQ
i-VpRxZHVvFvFd47aWyFLjhk	9	Q6180686	i-Uqxw8F3ab3EzhSdhtXgEQQ
i-UXYviApStMZu1ceuiWHcPz	9	Q6180686	i-Uqxw8F3ab3EzhSdhtXgEQQ
i-6rrmqdqZ5aVicnH3URXEBJ	9	Q6180686	i-Uqxw8F3ab3EzhSdhtXgEQQ
i-XDyt6ve5dTGkkxchqWs7nq	9	Q6180686	i-Uqxw8F3ab3EzhSdhtXgEQQ
i-RggzDkmJYybgyWJY9cPQof	9	Q6180686	i-Uqxw8F3ab3EzhSdhtXgEQQ
i-ChukfknxT8PK17Fsd73faR	9	Q6180686	i-Uqxw8F3ab3EzhSdhtXgEQQ
i-QcEyQ9USJkfwZQoEPziUKb	9	Q6180686	i-Uqxw8F3ab3EzhSdhtXgEQQ
i-AGQ2QEosHVr2eLdrqcDrBt	9	Q6180686	i-Uqxw8F3ab3EzhSdhtXgEQQ
i-frb9Ra6A1R9pHVmHuC2cQ	9	Q6180686	i-Uqxw8F3ab3EzhSdhtXgEQQ
i-CYLVn8bJb1VbXJEZAUwoVe	9	unknown	i-PWk4UNeJWdMaG3JxDaDzEG
i-78993616406aaac1-1	9	unknown	i-PWk4UNeJWdMaG3JxDaDzEG
i-78993616406aaac1-2	9	unknown	missing
i-7ySfo7nxHnFKgErXeYezYB	9	unknown	missing
i-78993616406aaac1-4	9	unknown	missing
i-4SnXFaURG4PtzHMTUBq2U6	9	unknown	missing
i-NFkkevNW1BUSDTYatHMKr3	9	unknown	missing
i-JHhSSR4x6byKXRjPYVsAsn	9	unknown	missing
i-5RcL81FNiawH7fKeNogPdW	9	Q6206899	i-Y2gdM3mpbcnxioMdhTjakM
i-KSLSBbti23iTPcSjTMKK4A	9	Q6206899	i-Y2gdM3mpbcnxioMdhTjakM
i-78993616406aaac1-7	9	Q6206899	i-Y2gdM3mpbcnxioMdhTjakM
i-78993616406aaac1-8	9	Q6206899	i-Y2gdM3mpbcnxioMdhTjakM
i-XQUtEUKRvoP5pKGNjg2Tff	9	Q6206899	i-Y2gdM3mpbcnxioMdhTjakM
i-DU6mom8pUDyQv2yP8yWGhE	9	unknown	i-GuKMXaKb5uxijU8tHTXeSk
i-2wMTwBVug2Mu5QzrqQ1jRi	9	Q6151901	i-MWg5aQjasHD18uxfouiMch
i-X2sLT9ih3CyK7TkHNacjbL	9	Q4957038	i-SKNuteKo1bRroN1ieM8Kxi
i-78993616406aaac1-15	9	Q4957038	i-SKNuteKo1bRroN1ieM8Kxi
i-YMU1cuk1pQFaB9yA8FLhN1	9	Q4957038	i-SKNuteKo1bRroN1ieM8Kxi
i-S7nYSbpfX8CptxPtpxVwtK	9	unknown	i-62j4hD9tw7szBSmFtDbLq9
i-78993616406aaac1-45	9	Q514209	i-SLjr9n1mdabZqnU8nPCYAh
i-SvgA1STGTvRu5BXbfMd88S	9	Q514209	i-SLjr9n1mdabZqnU8nPCYAh
i-WxR2iLtYarELjjMKwUah2R	9	Q514209	i-SLjr9n1mdabZqnU8nPCYAh
i-WWjJUYW6bj2hRKt78TvoR7	9	Q514209	i-SLjr9n1mdabZqnU8nPCYAh
i-KwqtWicePvAG4UcPNCLMWT	9	Q1554742	i-D7UyuqJ3HZRzwWY5U43fKX
i-A1JKsRfuovPBV2VeadLWes	9	Q1554742	i-D7UyuqJ3HZRzwWY5U43fKX
i-78993616406aaac1-47	9	Q1554742	i-D7UyuqJ3HZRzwWY5U43fKX
i-4BJtmvmaQTdkntP5yhzLzT	9	Q1554742	i-D7UyuqJ3HZRzwWY5U43fKX
i-78993616406aaac1-48	9	Q1554742	i-D7UyuqJ3HZRzwWY5U43fKX
i-J7cXLWUUh7pfZ3pM72mwtJ	9	Q1554742	i-D7UyuqJ3HZRzwWY5U43fKX
i-78993616406aaac1-50	9	Q1554742	i-D7UyuqJ3HZRzwWY5U43fKX
i-K2isWjmQ3aDEem1eDMHXf1	9	Q1554742	i-D7UyuqJ3HZRzwWY5U43fKX
i-78993616406aaac1-56	9	Q1554742	i-D7UyuqJ3HZRzwWY5U43fKX
